Silicon Valley Regional sponsored by Google.org,2015casj
1072,Harker Robotics
114,Eagle Strike
115,MVRT
1280,Ragin' C- Biscuits of San Ramon Valley High
1351,TKO
1662,Raptor Force Engineering
1678,Citrus Circuits
1700,Gatorbotics
1868,Space Cookies
192,GRT
1967,The Janksters
2035,"Rockin" Bots
2085,RoboDogs
2135,Presentation Invasion
2144,Gators
2367,Lancer Robotics
2473,Goldstrikers
2489,The Insomniacs
254,The Cheesy Poofs
256,Robo-Rams
2643,Dark Matter
2813,Gear Heads
2854,The Prototypes
3256,WarriorBorgs
3482,Arrowbotics
368,Team Kika Mana
3880,Kealakehe Tiki Techs
4047,Cyber Dogz
4159,CardinalBotics
4171,BayBots
4186,Aztechs
4255,RoboDores
4765,PWR Up
4904,Bot-Provoking
4990,Gryphon Robotics
5026,Iron Panthers
5027,Event Horizon
5104,BreakerBots
5171,Deus Ex Machina
5311,Colombian Space Stars
5499,Berkeley High Robotics
5677,The Subatomic Smarticles
5700,SOTA Cyberdragons
5728,Carrillo Cybernetics
5737,Mars Style
5760,The Marinators
581,Blazing Bulldogs
604,Quixilver
649,M-SET Fish
668,The Apes of Wrath
670,Homestead Robotics
751,barn2robotics
766,M-A Bears
8,Team 8
840,ART
846,The Funky Monkeys
852,The Athenian Robotics Collective
971,Spartan Robotics